ALC Code,ALC Name,SBU
57210164,Jayesh Computers,SBU 4
57210168,Shree Computers,SBU 7
57210082,Param Infotech,SBU 4
57210072,I T C Education,SBU 7
57210497,Ajinkya Infotech,SBU 7
57210488,Shree Samarth Computer,SBU 6
57210529,SHREE SAI COMPUTER TRAINING CENTER,SBU 7
57210079,Prime Computers,SBU 4
57210375,QABIL-NX COMPUTERS,SBU 4
57210395,Deepkiran Computers,SBU 4
57210180,Ankita Computers,SBU 7
57210078,Mahendra Computers,SBU 4
57210355,SHREE SWAMI SAMARTH COMPUTER & TECHNICAL INSTITUTE UMARANA,SBU 4
57210260,Perfect Computers,SBU 7
57210406,Sai Infotech,SBU 7
57210172,Vt`S Computers,SBU 6
57210179,Shivani Computer,SBU 7
57210493,NEW HIGH-TECH COMPUTER EDUCATION,SBU 7
57210062,I C S Computer Centre,SBU 6
57210331,JYOTIRMAY COMPUTERS,SBU 6
57210218,Space Computer Academy,SBU 6
57210190,Shubham Computers,SBU 6
57210075,Hindustan Computers,SBU 4
57210552,ICS Computers,SBU 6
57210006,Ascent Computer Education,SBU 7
57210086,Qabil Computers,SBU 4
57210289,Destiny Computers,SBU 7
57210141,Sagar Computers,SBU 4
57210098,Shivam Computer Academy,SBU 6
57210014,Infocom Computer Institute,SBU 7
57210239,Award Computer,SBU 6
57210228,Infosoft Computers,SBU 7
57210177,Alpha Computers,SBU 7
57210383,ROSHAN COMPUTERS,SBU 7
57210485,Roshan Computers,SBU 7
57210479,ISHWARI COMPUTER ACADEMY,SBU 4
57210432,PERFECT COMPUTERS,SBU 7
57210008,B.A.P. Computers Pvt. Ltd.,SBU 7
57210114,Sumangal Computer Institute,SBU 4
57210232,Prabhat Computers,SBU 7
57210112,Sushrut Computers,SBU 6
57210328,Deore Classes & Computers,SBU 4
57210083,Raj Computers,SBU 6
57210480,"JANTA COMPUTER, TAKED",SBU 4
57210384,Adarsh Computers,SBU 4
57210567,Deepkiran Computers,SBU 4
57210417,Bright Tech Computers,SBU 7
57210009,Comp.Ed.Point,SBU 6
57210100,Shweta Computers,SBU 7
57210211,Pragati Computers,SBU 4
57210354,SITE Computers,SBU 6
57210202,New Hitech Computer Education,SBU 7
57210108,Shree Computer Education,SBU 7
57210273,"VENUS COMPUTERS,GHOTI",SBU 4
57210431,SHREE SWAMI SAMARTH COMPUTER INSTITUTE,SBU 4
57210294,Ace Computer Education,SBU 6
57210242,Sudharm Infotech,SBU 6
57210551,Shweta Computers,SBU 7
57210388,Dron Computer's,SBU 7
57210408,Dnyandeep Computers,SBU 6
57210527,NEW GLOBAL COMPUTER EDUCATION,SBU 4
57210319,Shivneri Computers,SBU 7
57210306,Shweta Computers (Sca),SBU 4
57210415,Aadarsh Career Prashikshan Sanstha,SBU 4
57210503,Srushti Computer Institute,SBU 7
57210247,Jmstar Computer Institute,SBU 4
57210501,Kadawa Computer Education,SBU 6
57210370,VEDANT COMPUTERS,SBU 4
57210225,Ekdant Computers,SBU 7
57210556,HINDUSTAN COMPUTERS,SBU 4
57210265,Chaitanya Computers,SBU 7
57210262,Prime-Tech Computers,SBU 7
57210068,Modiyani`S Computer Academy,SBU 7
57210184,Yash Computers,SBU 4
57210386,Parth Computer,SBU 6
57210498,AADARSH COMPUTERS,SBU 6
57210056,Lotus Computers,SBU 7
57210002,Alfa Computers,SBU 4
57210018,New Tech Computers,SBU 6
57210430,VENUS COMPUTERS WADIVARHE,SBU 4
57210047,Global.Com,SBU 7
57210271,Creative Computers,SBU 6
57210194,Atharva Computers,SBU 4
57210229,Icm Computer Education,SBU 6
57210416,UPGRADE COMPUTER EDUCATION,SBU 4
57210297,Asmi Computers,SBU 7
57210553,NEW ARYAN COMPUTER,SBU 4
57210554,PARAM INFOTECH,SBU 4
57210293,E-Tech Computer Education,SBU 4
57210427,"Prathamesh Computers, Nashik",SBU 7
57210366,Ravindra Vidya prasarak Mandal,SBU 6
57210295,Aryan Computer Institute,SBU 4
57210102,Spartake Computer Academy,SBU 7
57210099,Sam Computer Academy,SBU 6
57210048,Dnyanai Computers,SBU 4
57210490,ASMI COMPUTERS,SBU 6
57210248,Gitanjali Computer Institute,SBU 4
57210296,Bright Tech Computers,SBU 4
57210250,Yash Computers,SBU 7
57210063,Kirti Computers,SBU 6
57210258,Shree Soft Computers,SBU 7
57210124,New Tech Computer,SBU 7
57210489,CREATIVE COMPUTER,SBU 6
57210344,SIDDHESHWAR COMPUTERS,SBU 7
57210105,Siddhivinayak Computers,SBU 7
57210535,YUVA COMPUTER ACADEMY,SBU 6
57210106,Sky Touch Computers,SBU 7
57210096,Niraaj Computer Academy,SBU 6
57210504,suyash computer institute,SBU 4
57210413,GLOBAL COMPUTERS,SBU 6
57210198,Newsoft Computer,SBU 7
57210281,Itech Computer Education,SBU 6
57210119,Suprabha Computers,SBU 6
57210148,Perfect Computers,SBU 6
57210029,Aditi Computers,SBU 7
57210482,KORUS COMPUTECH,SBU 4
57210496,Girija Infotech,SBU 7
57210264,Sai Computers,SBU 7
57210372,ANUSHKA COMPUTER ACADEMY,SBU 7
57210351,AADITYA COMPUTER INSTITUTE,SBU 4
57210379,Vighnesh Computers,SBU 7
57210088,Saitech Computer Academy,SBU 7
57210022,Shree Computers,SBU 6
57210405,mayur computers,SBU 6
57210163,Parth Infotech,SBU 6
57210171,Vision InfoTech,SBU 6
57210487,New Icon Computer And Technical Institute,SBU 4
57210069,Ideal Computer Centre,SBU 7
57210407,ADARSH COMPUTER INSTITUTE KARANJALI,SBU 6
57210419,Newtech Computer Institute,SBU 4
57210097,Pragati Computer And Technical Institute,SBU 4
57210235,It Magic Computer,SBU 4
57210350,Shree Computers,SBU 4
57210393,ADARSH COMPUTER INSTITUTE,SBU 6
57210230,Digitech Computer Institute,SBU 4
57210414,SHREE COMPUTERS,SBU 4
57210035,Arihant Computers,SBU 4
57210347,Newtech Computer Education,SBU 6
57210502,OMSAI COMPUTERS TYPING INSTITUTE,SBU 7
57210110,Vaishnavi Computer,SBU 4
57210291,Saraswati Computers,SBU 7
57210199,Perfect Computer Education,SBU 7
57210513,ARYAN COMPUTERS,SBU 6
57210357,ADARSH COMPUTERS,SBU 4
57210033,Siddhesh Computer Institute,SBU 4
57210314,Siddhesh Computers,SBU 4
57210169,Wideline Computers,SBU 7
57210360,Net Computer Education,SBU 6
57210057,Lifeline Computers,SBU 7
57210320,Panchawati Computer Academy,SBU 7
57210087,Ram Computer Training Center,SBU 4
57210389,SHRI GAJANAN COMPUTERS,SBU 6
57210491,Navjeevan Computer Institute,SBU 4
57210220,E-Tech Computers,SBU 6
57210227,Sarthak Computers,SBU 4
57210425,NewStar Infotech,SBU 4
57210353,Mauli Computers,SBU 4
57210322,Vision Computers,SBU 4
57210483,Aarya Computer Institute,SBU 4
57210251,Perfect Computers Academy,SBU 6
57210323,Yash Computer Academy,SBU 6
57210364,Ideal Infotech,SBU 4
57210439,Vision InfoTech,SBU 7
57210016,Korus Computers,SBU 4
57210373,NEWTECH COMPUTER EDUCATION,SBU 7
57210122,Prachi Computer Academy,SBU 6
57210299,Icon Technical Institute,SBU 6
57210039,Briteone Computers,SBU 4
57210397,SATPUTE COMPUTERS,SBU 7
57210292,Micro Computers,SBU 7
57210189,Appex Infotech,SBU 7
57210091,Perfect Computer Education,SBU 6
57210555,Perfect Computers,SBU 6
57210126,Linkage Computer Institute,SBU 4
57210003,Master Infocom,SBU 7
57210052,Datasoft Computers,SBU 4
57210568,KORUS COMPUTER,SBU 4
57210382,TANISHAQ INSTITUTE OF INFORMATION TECHNOLOGY,SBU 7
57210300,Atharva Computer`S,SBU 6
57210205,Skylark Computer,SBU 6
57210530,INSTITUTE OF ACCOUNTING AND COMPUTER EXPERT,SBU 6
57210231,Professional Computer Education,SBU 7
57210377,SUSHRUT COMPUTER INSTITUTE,SBU 6
57210499,GENIUS COMPUTER INSTITUTE,SBU 6
57210418,Manas Computer Institute,SBU 4
57210481,AADARSH COMPUTERS,SBU 6
57210061,Mediatech Computers Academy,SBU 7
57210356,Shri R. S. Gunjal Education Socity.,SBU 7
57210539,Educare Computers,SBU 4
57210165,Syspro Computers,SBU 6
57210196,Data Soft Computer,SBU 7
57210387,SHREE COMPUTER,SBU 4
57210365,Shree Sai Computers,SBU 4
57210325,Unique Computer,SBU 7
57210398,GANESH COMPUTERS,SBU 7
57210085,Nice Computer Training Centre,SBU 4
57210558,New Dnyanai Computers,SBU 4
57210261,Msc Computer,SBU 7
57210275,Shri Acharya Computer`S,SBU 6
